ID,Nominal_Pipe_Size,Outside_Diameter,Wall_Thickness,Plain_End_Weight,Schedule_No,Nominal_Diameter,Outside_Diameter_mm,Wall_Thickness_mm,Plain_end_Mass
1,0.125,0.405,0.049,0.19,10,6,10.3,1.24,0.28
2,0.125,0.405,0.057,0.21,30,6,10.3,1.45,0.32
3,0.125,0.405,0.068,0.24,40,6,10.3,1.73,0.37
4,0.125,0.405,0.095,0.31,80,6,10.3,2.41,0.47
5,0.25,0.54,0.065,0.33,10,8,13.7,1.65,0.49
6,0.25,0.54,0.073,0.36,30,8,13.7,1.85,0.54
7,0.25,0.54,0.088,0.43,40,8,13.7,2.24,0.63
8,0.25,0.54,0.119,0.54,80,8,13.7,3.02,0.8
9,0.375,0.675,0.065,0.42,10,10,17.1,1.65,0.63
10,0.375,0.675,0.073,0.47,30,10,17.1,1.85,0.7
11,0.375,0.675,0.091,0.57,40,10,17.1,2.31,0.84
12,0.375,0.675,0.126,0.74,80,10,17.1,3.2,1.1
13,0.5,0.84,0.065,0.54,5,15,21.3,1.65,0.8
14,0.5,0.84,0.083,0.67,10,15,21.3,2.11,1
15,0.5,0.84,0.095,0.76,30,15,21.3,2.41,1.12
16,0.5,0.84,0.109,0.85,40,15,21.3,2.77,1.27
17,0.5,0.84,0.147,1.09,80,15,21.3,3.73,1.62
18,0.5,0.84,0.188,1.31,160,15,21.3,4.78,1.95
19,0.5,0.84,0.294,1.72,,15,21.3,7.47,2.55
20,0.75,1.05,0.065,0.69,5,20,26.7,1.65,1.03
21,0.75,1.05,0.083,0.86,10,20,26.7,2.11,1.28
22,0.75,1.05,0.095,0.97,30,20,26.7,2.41,1.44
23,0.75,1.05,0.113,1.13,40,20,26.7,2.87,1.69
24,0.75,1.05,0.154,1.48,80,20,26.7,3.91,2.2
25,0.75,1.05,0.219,1.95,160,20,26.7,5.56,2.9
26,0.75,1.05,0.308,2.44,,20,26.7,7.82,3.64
27,1,1.315,0.065,0.87,5,25,33.4,1.65,1.29
28,1,1.315,0.109,1.41,10,25,33.4,2.77,2.09
29,1,1.315,0.114,1.46,30,25,33.4,2.9,2.18
30,1,1.315,0.133,1.68,40,25,33.4,3.38,2.5
31,1,1.315,0.179,2.17,80,25,33.4,4.55,3.24
32,1,1.315,0.25,2.85,160,25,33.4,6.35,4.24
33,1,1.315,0.358,3.66,,25,33.4,9.09,5.45
34,1.25,1.66,0.065,1.11,5,32,42.2,1.65,1.65
35,1.25,1.66,0.109,1.81,10,32,42.2,2.77,2.69
36,1.25,1.66,0.117,1.93,30,32,42.2,2.97,2.87
37,1.25,1.66,0.14,2.27,40,32,42.2,3.56,3.39
38,1.25,1.66,0.191,3,80,32,42.2,4.85,4.47
39,1.25,1.66,0.25,3.77,160,32,42.2,6.35,5.61
40,1.25,1.66,0.382,5.22,,32,42.2,9.7,7.77
41,1.5,1.9,0.065,1.28,5,40,48.3,1.65,1.9
42,1.5,1.9,0.109,2.09,10,40,48.3,2.77,3.11
43,1.5,1.9,0.125,2.37,30,40,48.3,3.18,3.53
44,1.5,1.9,0.145,2.72,40,40,48.3,3.68,4.05
45,1.5,1.9,0.2,3.63,80,40,48.3,5.08,5.41
46,1.5,1.9,0.281,4.86,160,40,48.3,7.14,7.25
47,1.5,1.9,0.4,6.41,,40,48.3,10.15,9.55
48,2,2.375,0.065,1.61,5,50,60.3,1.65,2.39
49,2,2.375,0.083,2.03,,50,60.3,2.11,3.03
50,2,2.375,0.109,2.64,10,50,60.3,2.77,3.93
51,2,2.375,0.125,3.01,30,50,60.3,3.18,4.48
52,2,2.375,0.141,3.37,,50,60.3,3.58,5.01
53,2,2.375,0.154,3.66,40,50,60.3,3.91,5.44
54,2,2.375,0.172,4.05,,50,60.3,4.37,6.03
55,2,2.375,0.188,4.4,,50,60.3,4.78,6.54
56,2,2.375,0.218,5.03,80,50,60.3,5.54,7.48
57,2,2.375,0.25,5.68,,50,60.3,6.35,8.45
58,2,2.375,0.281,6.29,,50,60.3,7.14,9.36
59,2,2.375,0.344,7.47,160,50,60.3,8.74,11.11
60,2,2.375,0.436,9.04,,50,60.3,11.07,13.44
61,2.5,2.875,0.083,2.48,5,65,73,2.11,3.69
62,2.5,2.875,0.109,3.22,,65,73,2.77,4.8
63,2.5,2.875,0.12,3.53,10,65,73,3.05,5.26
64,2.5,2.875,0.125,3.67,,65,73,3.18,5.48
65,2.5,2.875,0.141,4.12,,65,73,3.58,6.13
66,2.5,2.875,0.156,4.53,,65,73,3.96,6.74
67,2.5,2.875,0.172,4.97,,65,73,4.37,7.4
68,2.5,2.875,0.188,5.4,30,65,73,4.78,8.04
69,2.5,2.875,0.203,5.8,40,65,73,5.16,8.63
70,2.5,2.875,0.216,6.14,,65,73,5.49,9.14
71,2.5,2.875,0.25,7.02,,65,73,6.35,10.44
72,2.5,2.875,0.276,7.67,80,65,73,7.01,11.41
73,2.5,2.875,0.375,10.02,160,65,73,9.53,14.92
74,2.5,2.875,0.552,13.71,,65,73,14.02,20.39
75,3,3.5,0.083,3.03,5,80,88.9,2.11,4.52
76,3,3.5,0.109,3.95,,80,88.9,2.77,5.88
77,3,3.5,0.12,4.34,10,80,88.9,3.05,6.46
78,3,3.5,0.125,4.51,,80,88.9,3.18,6.72
79,3,3.5,0.141,5.06,,80,88.9,3.58,7.53
80,3,3.5,0.156,5.58,,80,88.9,3.96,8.3
81,3,3.5,0.172,6.12,,80,88.9,4.37,9.11
82,3,3.5,0.188,6.66,30,80,88.9,4.78,9.92
83,3,3.5,0.216,7.58,40,80,88.9,5.49,11.29
84,3,3.5,0.25,8.69,,80,88.9,6.35,12.93
85,3,3.5,0.281,9.67,,80,88.9,7.14,14.4
86,3,3.5,0.3,10.26,80,80,88.9,7.62,15.27
87,3,3.5,0.438,14.34,160,80,88.9,11.13,21.35
88,3,3.5,0.6,18.6,,80,88.9,15.24,27.68
89,3.5,4,0.083,3.48,5,90,101.6,2.11,5.18
90,3.5,4,0.109,4.53,,90,101.6,2.77,6.75
91,3.5,4,0.12,4.98,10,90,101.6,3.05,7.41
92,3.5,4,0.125,5.18,,90,101.6,3.18,7.72
93,3.5,4,0.141,5.82,,90,101.6,3.58,8.65
94,3.5,4,0.156,6.41,,90,101.6,3.96,9.54
95,3.5,4,0.172,7.04,,90,101.6,4.37,10.48
96,3.5,4,0.188,7.66,30,90,101.6,4.78,11.41
97,3.5,4,0.226,9.12,40,90,101.6,5.74,13.57
98,3.5,4,0.25,10.02,,90,101.6,6.35,14.92
99,3.5,4,0.281,11.17,,90,101.6,7.14,16.63
100,3.5,4,0.318,12.52,80,90,101.6,8.08,18.64
101,4,4.5,0.083,3.92,5,100,114.3,2.11,5.84
102,4,4.5,0.109,5.12,,100,114.3,2.77,7.62
103,4,4.5,0.12,5.62,10,100,114.3,3.05,8.37
104,4,4.5,0.125,5.85,,100,114.3,3.18,8.71
105,4,4.5,0.141,6.57,,100,114.3,3.58,9.78
106,4,4.5,0.156,7.24,,100,114.3,3.96,10.78
107,4,4.5,0.172,7.96,,100,114.3,4.37,11.85
108,4,4.5,0.188,8.67,30,100,114.3,4.78,12.91
109,4,4.5,0.203,9.32,,100,114.3,5.16,13.89
110,4,4.5,0.219,10.02,,100,114.3,5.56,14.91
111,4,4.5,0.237,10.8,40,100,114.3,6.02,16.08
112,4,4.5,0.25,11.36,,100,114.3,6.35,16.91
113,4,4.5,0.281,12.67,,100,114.3,7.14,18.87
114,4,4.5,0.312,13.97,,100,114.3,7.92,20.78
115,4,4.5,0.337,15,80,100,114.3,8.56,22.32
116,4,4.5,0.438,19.02,120,100,114.3,11.13,28.32
117,4,4.5,0.531,22.53,160,100,114.3,13.49,33.54
118,4,4.5,0.674,27.57,,100,114.3,17.12,41.03
119,5,5.563,0.083,4.86,,125,141.3,2.11,7.24
120,5,5.563,0.109,6.36,5,125,141.3,2.77,9.46
121,5,5.563,0.125,7.27,,125,141.3,3.18,10.83
122,5,5.563,0.134,7.78,10,125,141.3,3.4,11.56
123,5,5.563,0.156,9.02,,125,141.3,3.96,13.41
124,5,5.563,0.188,10.8,,125,141.3,4.78,16.09
125,5,5.563,0.219,12.51,,125,141.3,5.56,18.61
126,5,5.563,0.258,14.63,40,125,141.3,6.55,21.77
127,5,5.563,0.281,15.87,,125,141.3,7.14,23.62
128,5,5.563,0.312,17.51,,125,141.3,7.92,26.05
129,5,5.563,0.344,19.19,,125,141.3,8.74,28.57
130,5,5.563,0.375,20.8,80,125,141.3,9.53,30.97
131,5,5.563,0.5,27.06,120,125,141.3,12.7,40.28
132,5,5.563,0.625,32.99,160,125,141.3,15.88,49.12
133,5,5.563,0.75,38.59,,125,141.3,19.05,57.43
134,6,6.625,0.083,5.8,,150,168.3,2.11,8.65
135,6,6.625,0.109,7.59,5,150,168.3,2.77,11.31
136,6,6.625,0.125,8.69,,150,168.3,3.18,12.95
137,6,6.625,0.134,9.3,10,150,168.3,3.4,13.83
138,6,6.625,0.141,9.77,,150,168.3,3.58,14.54
139,6,6.625,0.156,10.79,,150,168.3,3.96,16.05
140,6,6.625,0.172,11.87,,150,168.3,4.37,17.67
141,6,6.625,0.188,12.94,,150,168.3,4.78,19.28
142,6,6.625,0.203,13.94,,150,168.3,5.16,20.76
143,6,6.625,0.219,15,,150,168.3,5.56,22.31
144,6,6.625,0.25,17.04,,150,168.3,6.35,25.36
145,6,6.625,0.28,18.99,40,150,168.3,7.11,28.26
146,6,6.625,0.312,21.06,,150,168.3,7.92,31.33
147,6,6.625,0.344,23.1,,150,168.3,8.74,34.39
148,6,6.625,0.375,25.05,,150,168.3,9.53,37.31
149,6,6.625,0.432,28.6,80,150,168.3,10.97,42.56
150,6,6.625,0.5,32.74,,150,168.3,12.7,48.73
151,6,6.625,0.562,36.43,120,150,168.3,14.27,54.21
152,6,6.625,0.625,40.09,,150,168.3,15.88,59.69
153,6,6.625,0.719,45.39,160,150,168.3,18.26,67.57
154,6,6.625,0.75,47.1,,150,168.3,19.05,70.12
155,6,6.625,0.864,53.21,,150,168.3,21.95,79.22
156,6,6.625,0.875,53.78,,150,168.3,22.23,80.08
157,8,8.625,0.109,9.92,5,200,219.1,2.77,14.78
158,8,8.625,0.125,11.36,,200,219.1,3.18,16.93
159,8,8.625,0.148,13.41,10,200,219.1,3.76,19.97
160,8,8.625,0.156,14.12,,200,219.1,3.96,21.01
161,8,8.625,0.188,16.96,,200,219.1,4.78,25.26
162,8,8.625,0.203,18.28,,200,219.1,5.16,27.22
163,8,8.625,0.219,19.68,,200,219.1,5.56,29.28
164,8,8.625,0.25,22.38,20,200,219.1,6.35,33.32
165,8,8.625,0.277,24.72,30,200,219.1,7.04,36.82
166,8,8.625,0.312,27.73,,200,219.1,7.92,41.25
167,8,8.625,0.322,28.58,40,200,219.1,8.18,42.55
168,8,8.625,0.344,30.45,,200,219.1,8.74,45.34
169,8,8.625,0.375,33.07,,200,219.1,9.53,49.25
170,8,8.625,0.406,35.67,60,200,219.1,10.31,53.09
171,8,8.625,0.438,38.33,,200,219.1,11.13,57.08
172,8,8.625,0.5,43.43,80,200,219.1,12.7,64.64
173,8,8.625,0.562,48.44,,200,219.1,14.27,72.08
174,8,8.625,0.594,51,100,200,219.1,15.09,75.92
175,8,8.625,0.625,53.45,,200,219.1,15.88,79.59
176,8,8.625,0.719,60.77,120,200,219.1,18.26,90.44
177,8,8.625,0.75,63.14,,200,219.1,19.05,93.98
178,8,8.625,0.812,67.82,140,200,219.1,20.62,100.93
179,8,8.625,0.875,72.49,,200,219.1,22.23,107.93
180,8,8.625,0.906,74.76,160,200,219.1,23.01,111.27
181,8,8.625,1,81.51,,200,219.1,25.4,121.33
182,10,10.75,0.134,15.21,5,250,273,3.4,22.61
183,10,10.75,0.156,17.67,,250,273,3.96,26.27
184,10,10.75,0.165,18.67,10,250,273,4.19,27.78
185,10,10.75,0.188,21.23,,250,273,4.78,31.62
186,10,10.75,0.203,22.89,,250,273,5.16,34.08
187,10,10.75,0.219,24.65,,250,273,5.56,36.67
188,10,10.75,0.25,28.06,20,250,273,6.35,41.76
189,10,10.75,0.279,31.23,,250,273,7.09,46.49
190,10,10.75,0.307,34.27,30,250,273,7.8,51.01
191,10,10.75,0.344,38.27,,250,273,8.74,56.96
192,10,10.75,0.365,40.52,40,250,273,9.27,60.29
193,10,10.75,0.438,48.28,,250,273,11.13,71.88
194,10,10.75,0.5,54.79,60,250,273,12.7,81.53
195,10,10.75,0.562,61.21,,250,273,14.27,91.05
196,10,10.75,0.594,64.49,80,250,273,15.09,95.98
197,10,10.75,0.625,67.65,,250,273,15.88,100.69
198,10,10.75,0.719,77.1,100,250,273,18.26,114.71
199,10,10.75,0.812,86.26,,250,273,20.62,128.34
200,10,10.75,0.844,89.38,120,250,273,21.44,133.01
