ID,V_UID,Vendor,Tracer_Family,Tracer_Model,Tracer_Cat_No,Voltage,Zone,Gas_Group,T_Rating,A_Coeff,B_Coeff,C_Coeff,Maint_T,Max_Op_T,Min_Installation_T,Max_Exp_T_On,Max_Exp_T_Off,Power_at_Startup_T,Ohm_per_km,Res_corrFactor_Mica
1,Thermon^VSX5-2,Thermon,Self Regulating,VSX,VSX 5-2,230,"Zone1, Zone2",IIB,"T1,T2,T3",0,-0.1,16.4,150,150,-60,232,250,25,0,0
2,Thermon^VSX10-2,Thermon,Self Regulating,VSX,VSX 10-2,230,"Zone1, Zone2",IIB,"T1,T2,T3",0,-0.1937,33.76,150,150,-60,232,250,50,0,0
3,Thermon^VSX15-2,Thermon,Self Regulating,VSX,VSX 15-2,230,"Zone1, Zone2",IIB,"T1,T2,T3",0,-0.2653,49.86,150,150,-60,232,250,75,0,0
4,Thermon^VSX20-2,Thermon,Self Regulating,VSX,VSX 20-2,230,"Zone1, Zone2",IIB,"T1,T2,T3",0.0003,-0.3911,69.474,150,150,-60,232,250,100,0,0
5,Thermon^HTSX 15-2,Thermon,Self Regulating,HTSX,HTSX 15-2,240,"Zone1, Zone2",NA,"T1,T2,T3",-0.00002,-0.2418,52.353,150,150,-60,204,250,75,0,0
6,Thermon^HTSX 12-2,Thermon,Self Regulating,HTSX,HTSX 12-2,240,"Zone1, Zone2",NA,"T1,T2,T3",0.000008,-0.2165,42.127,150,150,-60,204,250,60,0,0
7,Thermon^HTSX 9-2,Thermon,Self Regulating,HTSX,HTSX 9-2,240,"Zone1, Zone2",NA,"T1,T2,T3",0.000002,-0.1741,32.025,150,150,-60,204,250,45,0,0
8,Thermon^HTSX 6-2,Thermon,Self Regulating,HTSX,HTSX 6-2,240,"Zone1, Zone2",NA,"T1,T2,T3",-0.000004,-0.1244,21.678,150,150,-60,204,250,30,0,0
9,Thermon^HTSX 3-2,Thermon,Self Regulating,HTSX,HTSX 3-2,240,"Zone1, Zone2",NA,"T1,T2,T3",0.00002,-0.0661,10.724,150,150,-60,204,250,15,0,0
10,Chromalox^SRM/E20-2CT,Chromalox,Self Regulating,SRM,SRM/E20-2CT,240,"Zone1, Zone2","Class I Div.2, Gr. A, B, C, D","T1,T2",0,-0.2942,68.402,150,150,-50,215,215,100,0,0
11,Chromalox^SRM/E15-2CT,Chromalox,Self Regulating,SRM,SRM/E15-2CT,240,"Zone1, Zone2","Class I Div.2, Gr. A, B, C, D","T1,T2",0,-0.2736,51.875,150,150,-50,215,215,75,0,0
12,Chromalox^SRM/E10-2CT,Chromalox,Self Regulating,SRM,SRM/E10-2CT,240,"Zone1, Zone2","Class I Div.2, Gr. A, B, C, D","T1,T2",0,-0.1576,34.581,150,150,-50,215,215,50,0,0
13,Chromalox^SRM/E8-2CT,Chromalox,Self Regulating,SRM,SRM/E8-2CT,240,"Zone1, Zone2","Class I Div.2, Gr. A, B, C, D","T1,T2,T3",0,-0.1328,26.833,150,150,-50,215,215,40,0,0
14,Chromalox^SRM/E5-2CT,Chromalox,Self Regulating,SRM,SRM/E5-2CT,240,"Zone1, Zone2","Class I Div.2, Gr. A, B, C, D","T1,T2,T3",0,-0.0767,16.975,150,150,-50,215,215,25,0,0
15,Chromalox^SRM/E3-2CT,Chromalox,Self Regulating,SRM,SRM/E3-2CT,240,"Zone1, Zone2","Class I Div.2, Gr. A, B, C, D","T1,T2,T3",0,-0.0649,10.145,150,150,-50,215,215,15,0,0
16,Thermon^MIQ^MIQ-11E0l-2S,Thermon,Constant Wattage,MIQ,MIQ-11E0l-2S,300,"Zone1, Zone2",II 2 G Ex d IIC,"T1,T2,T3,T4,T5,T6",0,0,0,500,500,-60,600,600,0,36100,1.2
17,Thermon^MIQ^MIQ-90E1l-2S,Thermon,Constant Wattage,MIQ,MIQ-90E1l-2S,300,"Zone1, Zone2",II 2 G Ex d IIC,"T1,T2,T3,T4,T5,T6",0,0,0,500,500,-60,600,600,0,29500,1.2
18,Thermon^MIQ^MIQ-75E1l-2S,Thermon,Constant Wattage,MIQ,MIQ-75E1l-2S,300,"Zone1, Zone2",II 2 G Ex d IIC,"T1,T2,T3,T4,T5,T6",0,0,0,500,500,-60,600,600,0,24600,1.2
19,Thermon^MIQ^MIQ-60E1l-2S,Thermon,Constant Wattage,MIQ,MIQ-60E1l-2S,300,"Zone1, Zone2",II 2 G Ex d IIC,"T1,T2,T3,T4,T5,T6",0,0,0,500,500,-60,600,600,0,19700,1.2
20,Thermon^MIQ^MIQ-50E1l-2S,Thermon,Constant Wattage,MIQ,MIQ-50E1l-2S,300,"Zone1, Zone2",II 2 G Ex d IIC,"T1,T2,T3,T4,T5,T6",0,0,0,500,500,-60,600,600,0,16400,1.2
21,Thermon^MIQ^MIQ-40E1l-2S,Thermon,Constant Wattage,MIQ,MIQ-40E1l-2S,300,"Zone1, Zone2",II 2 G Ex d IIC,"T1,T2,T3,T4,T5,T6",0,0,0,500,500,-60,600,600,0,13100,1.2
22,Thermon^MIQ^MIQ-32E1l-2S,Thermon,Constant Wattage,MIQ,MIQ-32E1l-2S,300,"Zone1, Zone2",II 2 G Ex d IIC,"T1,T2,T3,T4,T5,T6",0,0,0,500,500,-60,600,600,0,10500,1.2
23,Thermon^MIQ^MIQ-27E1l-2S,Thermon,Constant Wattage,MIQ,MIQ-27E1l-2S,300,"Zone1, Zone2",II 2 G Ex d IIC,"T1,T2,T3,T4,T5,T6",0,0,0,500,500,-60,600,600,0,9020,1.2
24,Thermon^MIQ^MIQ-25E1l-2S,Thermon,Constant Wattage,MIQ,MIQ-25E1l-2S,300,"Zone1, Zone2",II 2 G Ex d IIC,"T1,T2,T3,T4,T5,T6",0,0,0,500,500,-60,600,600,0,8200,1.2
25,Thermon^MIQ^MIQ-20E1l-2S,Thermon,Constant Wattage,MIQ,MIQ-20E1l-2S,300,"Zone1, Zone2",II 2 G Ex d IIC,"T1,T2,T3,T4,T5,T6",0,0,0,500,500,-60,600,600,0,6560,1.2
26,Thermon^MIQ^MIQ-17E1l-2S,Thermon,Constant Wattage,MIQ,MIQ-17E1l-2S,300,"Zone1, Zone2",II 2 G Ex d IIC,"T1,T2,T3,T4,T5,T6",0,0,0,500,500,-60,600,600,0,5580,1.2
27,Thermon^MIQ^MIQ-14E1l-2S,Thermon,Constant Wattage,MIQ,MIQ-14E1l-2S,300,"Zone1, Zone2",II 2 G Ex d IIC,"T1,T2,T3,T4,T5,T6",0,0,0,500,500,-60,600,600,0,4590,1.2
28,Thermon^MIQ^MIQ-10E1l-2S,Thermon,Constant Wattage,MIQ,MIQ-10E1l-2S,300,"Zone1, Zone2",II 2 G Ex d IIC,"T1,T2,T3,T4,T5,T6",0,0,0,500,500,-60,600,600,0,3280,1.2
29,Thermon^MIQ^MIQ-70E2l-2S,Thermon,Constant Wattage,MIQ,MIQ-70E2l-2S,300,"Zone1, Zone2",II 2 G Ex d IIC,"T1,T2,T3,T4,T5,T6",0,0,0,500,500,-60,600,600,0,2300,1.2
30,Thermon^MIQ^MIQ-50E2l-2S,Thermon,Constant Wattage,MIQ,MIQ-50E2l-2S,300,"Zone1, Zone2",II 2 G Ex d IIC,"T1,T2,T3,T4,T5,T6",0,0,0,500,500,-60,600,600,0,1640,1.2
31,Thermon^MIQ^MIQ-30E2l-2S,Thermon,Constant Wattage,MIQ,MIQ-30E2l-2S,300,"Zone1, Zone2",II 2 G Ex d IIC,"T1,T2,T3,T4,T5,T6",0,0,0,500,500,-60,600,600,0,980,1.2
32,Thermon^MIQ^MIQ-25E2l-2S,Thermon,Constant Wattage,MIQ,MIQ-25E2l-2S,300,"Zone1, Zone2",II 2 G Ex d IIC,"T1,T2,T3,T4,T5,T6",0,0,0,500,500,-60,600,600,0,820,1.2
33,Thermon^MIQ^MIQ-20E2l-2S,Thermon,Constant Wattage,MIQ,MIQ-20E2l-2S,300,"Zone1, Zone2",II 2 G Ex d IIC,"T1,T2,T3,T4,T5,T6",0,0,0,500,500,-60,600,600,0,660,1.2
34,Thermon^MIQ^MIQ-15E2l-2S,Thermon,Constant Wattage,MIQ,MIQ-15E2l-2S,300,"Zone1, Zone2",II 2 G Ex d IIC,"T1,T2,T3,T4,T5,T6",0,0,0,500,500,-60,600,600,0,490,1.2
35,Thermon^MIQ^MIQ-10E2l-2S,Thermon,Constant Wattage,MIQ,MIQ-10E2l-2S,300,"Zone1, Zone2",II 2 G Ex d IIC,"T1,T2,T3,T4,T5,T6",0,0,0,500,500,-60,600,600,0,330,1.2
36,Thermon^MIQ^MIQ-70E3l-2S,Thermon,Constant Wattage,MIQ,MIQ-70E3l-2S,300,"Zone1, Zone2",II 2 G Ex d IIC,"T1,T2,T3,T4,T5,T6",0,0,0,500,500,-60,600,600,0,230,1.2
37,Thermon^MIQ^MIQ-50E3L-2S,Thermon,Constant Wattage,MIQ,MIQ-50E3L-2S,300,"Zone1, Zone2",II 2 G Ex d IIC,"T1,T2,T3,T4,T5,T6",0,0,0,500,500,-60,600,600,0,164,1.2
440,Krus-Zapad^MA^CK-MI-1M.A/10000,Krus-Zapad,MI,MA,CK-MI-1M.A/10000,300,"Zone1, Zone2",1Ex e IIC,1Ex II T6 ... T2 Gb X,0,0.00009,9982,550,550,-50,700,700,0,10000,1.2
441,Krus-Zapad^MA^CK-MI-1M.A/6560,Krus-Zapad,MI,MA,CK-MI-1M.A/6560,300,"Zone1, Zone2",1Ex e IIC,1Ex II T6 ... T2 Gb X,0,0.00009,6548.192,250,250,-50,700,700,0,6560,1.2
442,Krus-Zapad^MA^CK-MI-1M.A/6300,Krus-Zapad,MI,MA,CK-MI-1M.A/6300,300,"Zone1, Zone2",1Ex e IIC,1Ex II T6 ... T2 Gb X,0,0.00009,6288.66,250,250,-50,700,700,0,6300,1.2
443,Krus-Zapad^MA^CK-MI-1M.A/5250,Krus-Zapad,MI,MA,CK-MI-1M.A/5250,300,"Zone1, Zone2",1Ex e IIC,1Ex II T6 ... T2 Gb X,0,0.00009,5240.55,250,250,-50,700,700,0,5250,1.2
444,Krus-Zapad^MA^CK-MI-1M.A/4270,Krus-Zapad,MI,MA,CK-MI-1M.A/4270,300,"Zone1, Zone2",1Ex e IIC,1Ex II T6 ... T2 Gb X,0,0.00009,4262.314,250,250,-50,700,700,0,4270,1.2
445,Krus-Zapad^MA^CK-MI-1M.A/4000,Krus-Zapad,MI,MA,CK-MI-1M.A/4000,300,"Zone1, Zone2",1Ex e IIC,1Ex II T6 ... T2 Gb X,0,0.00009,3992.8,250,250,-50,700,700,0,4000,1.2
446,Krus-Zapad^MA^CK-MI-1M.A/2380,Krus-Zapad,MI,MA,CK-MI-1M.A/2380,300,"Zone1, Zone2",1Ex e IIC,1Ex II T6 ... T2 Gb X,0,0.00009,2375.716,250,250,-50,700,700,0,2380,1.2
447,Krus-Zapad^MA^CK-MI-1M.A/2790,Krus-Zapad,MI,MA,CK-MI-1M.A/2790,300,"Zone1, Zone2",1Ex e IIC,1Ex II T6 ... T2 Gb X,0,0.00009,2784.978,250,250,-50,700,700,0,2790,1.2
448,Krus-Zapad^MA^CK-MI-1M.A/2500,Krus-Zapad,MI,MA,CK-MI-1M.A/2500,300,"Zone1, Zone2",1Ex e IIC,1Ex II T6 ... T2 Gb X,0,0.00004,2498,250,250,-50,700,700,0,2500,1.2
449,Krus-Zapad^MA^CK-MI-1M.A/2300,Krus-Zapad,MI,MA,CK-MI-1M.A/2300,300,"Zone1, Zone2",1Ex e IIC,1Ex II T6 ... T2 Gb X,0,0.00004,2298.16,250,250,-50,700,700,0,2300,1.2
450,Krus-Zapad^MA^CK-MI-1M.A/1640,Krus-Zapad,MI,MA,CK-MI-1M.A/1640,300,"Zone1, Zone2",1Ex e IIC,1Ex II T6 ... T2 Gb X,0,0.0005,1623.6,250,250,-50,700,700,0,1640,1.2
451,Krus-Zapad^MA^CK-MI-1M.A/1600,Krus-Zapad,MI,MA,CK-MI-1M.A/1600,300,"Zone1, Zone2",1Ex e IIC,1Ex II T6 ... T2 Gb X,0,0.0005,1584,250,250,-50,700,700,0,1600,1.2
452,Krus-Zapad^MA^CK-MI-1M.A/1250,Krus-Zapad,MI,MA,CK-MI-1M.A/1250,300,"Zone1, Zone2",1Ex e IIC,1Ex II T6 ... T2 Gb X,0,0.0005,1237.5,250,250,-50,700,700,0,1250,1.2
453,Krus-Zapad^MA^CK-MI-1M.A/1000,Krus-Zapad,MI,MA,CK-MI-1M.A/1000,300,"Zone1, Zone2",1Ex e IIC,1Ex II T6 ... T2 Gb X,0,0.0005,990,250,250,-50,700,700,0,1000,1.2
454,Krus-Zapad^MA^CK-MI-1M.A/980,Krus-Zapad,MI,MA,CK-MI-1M.A/980,300,"Zone1, Zone2",1Ex e IIC,1Ex II T6 ... T2 Gb X,0,0.0005,970.2,250,250,-50,700,700,0,980,1.2
455,Krus-Zapad^MA^CK-MI-1M.A/820,Krus-Zapad,MI,MA,CK-MI-1M.A/820,300,"Zone1, Zone2",1Ex e IIC,1Ex II T6 ... T2 Gb X,0,0.0005,811.8,250,250,-50,700,700,0,820,1.2
456,Krus-Zapad^MA^CK-MI-1M.A/660,Krus-Zapad,MI,MA,CK-MI-1M.A/660,300,"Zone1, Zone2",1Ex e IIC,1Ex II T6 ... T2 Gb X,0,0.0013,642.84,250,250,-50,700,700,0,660,1.2
457,Krus-Zapad^MA^CK-MI-1M.A/630,Krus-Zapad,MI,MA,CK-MI-1M.A/630,300,"Zone1, Zone2",1Ex e IIC,1Ex II T6 ... T2 Gb X,0,0.0013,613.62,250,250,-50,700,700,0,630,1.2
70,SST^BTC^15BTC2-BP,SST,Self Regulating,BTC,15BTC2-BP,230,"Zone1, Zone2",NA,NA,0,-0.123395775,16.75567955,120,120,120,200,200,0,0,0
71,SST^BTC^24BTC2-BP,SST,Self Regulating,BTC,24BTC2-BP,230,"Zone1, Zone2",NA,NA,0,-0.189015544,26.13949781,120,120,120,200,200,0,0,0
72,SST^BTC^30BTC2-BP,SST,Self Regulating,BTC,30BTC2-BP,230,"Zone1, Zone2",NA,NA,0,-0.232762057,32.39537664,120,120,120,200,200,0,0,0
73,SST^BTC^37BTC2-BP,SST,Self Regulating,BTC,37BTC2-BP,230,"Zone1, Zone2",NA,NA,0,-0.289602763,40.04357646,120,120,120,200,200,0,0,0
74,SST^BTC^45BTC2-BP,SST,Self Regulating,BTC,45BTC2-BP,230,"Zone1, Zone2",NA,NA,0,-0.354563571,48.78437625,120,120,120,200,200,0,0,0
75,SST^BTC^60BTC2-BP,SST,Self Regulating,BTC,60BTC2-BP,230,"Zone1, Zone2",NA,NA,0,-0.473176564,64.79075329,120,120,120,200,200,0,0,0
76,SST^BTX^15BTX2-BP,SST,Self Regulating,BTX,15BTX2-BP,230,"Zone1, Zone2",NA,NA,0,-0.072,17.21666667,120,120,120,200,200,0,0,0
77,SST^BTX^30BTX2-BP,SST,Self Regulating,BTX,30BTX2-BP,230,"Zone1, Zone2",NA,NA,0,-0.140666667,34.01666667,120,120,120,200,200,0,0,0
78,SST^BTX^45BTX2-BP,SST,Self Regulating,BTX,45BTX2-BP,230,"Zone1, Zone2",NA,NA,0,-0.226666667,51.33333333,120,120,120,200,200,0,0,0
79,SST^BTX^60BTX2-BP,SST,Self Regulating,BTX,60BTX2-BP,230,"Zone1, Zone2",NA,NA,0,-0.282,70.38333333,120,120,120,200,200,0,0,0
190,nVent^MI^HAC2N6.6,nVent,Constant Wattage,MI,HAC2N6.6,300,"Zone1, Zone2",II 2GD Ex e II ,T6 to T1 Ex tD,0,0.0039,11.6172,550,550,-60,700,700,0,12.6,1.2
191,nVent^MI^HAC2N4.3,nVent,Constant Wattage,MI,HAC2N4.3,300,"Zone1, Zone2",II 2GD Ex e II ,T6 to T1 Ex tD,0,0.0039,12.7236,550,550,-60,700,700,0,13.8,1.2
192,nVent^MI^HAA1N6565,nVent,Constant Wattage,MI,HAA1N6565,300,"Zone1, Zone2",II 2GD Ex e II ,T6 to T1 Ex tD,0,0.000085,6553.8395,550,550,-60,700,700,0,6565,1.2
193,nVent^MI^HAA1N5250,nVent,Constant Wattage,MI,HAA1N5250,300,"Zone1, Zone2",II 2GD Ex e II ,T6 to T1 Ex tD,0,0.000085,5241.075,550,550,-60,700,700,0,5250,1.2
194,nVent^MI^HAA1N4300,nVent,Constant Wattage,MI,HAA1N4300,300,"Zone1, Zone2",II 2GD Ex e II ,T6 to T1 Ex tD,0,0.000085,4292.69,550,550,-60,700,700,0,4300,1.2
195,nVent^MI^HAA1N3300,nVent,Constant Wattage,MI,HAA1N3300,300,"Zone1, Zone2",II 2GD Ex e II ,T6 to T1 Ex tD,0,0.000085,3294.39,550,550,-60,700,700,0,3300,1.2
196,nVent^MI^HAA1N2800,nVent,Constant Wattage,MI,HAA1N2800,300,"Zone1, Zone2",II 2GD Ex e II ,T6 to T1 Ex tD,0,0.000085,2795.24,550,550,-60,700,700,0,2800,1.2
197,nVent^MI^HAA1N2300,nVent,Constant Wattage,MI,HAA1N2300,300,"Zone1, Zone2",II 2GD Ex e II ,T6 to T1 Ex tD,0,0.000085,2296.09,550,550,-60,700,700,0,2300,1.2
198,nVent^MI^HAA1N1640,nVent,Constant Wattage,MI,HAA1N1640,300,"Zone1, Zone2",II 2GD Ex e II ,T6 to T1 Ex tD,0,0.000085,1637.212,550,550,-60,700,700,0,1640,1.2
199,nVent^MI^HAT1N920,nVent,Constant Wattage,MI,HAT1N920,300,"Zone1, Zone2",II 2GD Ex e II ,T6 to T1 Ex tD,0,0.00018,916.688,550,550,-60,700,700,0,920,1.2
200,nVent^MI^HAB1N660,nVent,Constant Wattage,MI,HAB1N660,300,"Zone1, Zone2",II 2GD Ex e II ,T6 to T1 Ex tD,0,0.00004,659.472,550,550,-60,700,700,0,660,1.2
201,nVent^MI^HAB1N500,nVent,Constant Wattage,MI,HAB1N500,300,"Zone1, Zone2",II 2GD Ex e II ,T6 to T1 Ex tD,0,0.00004,499.6,550,550,-60,700,700,0,500,1.2
202,nVent^MI^HAQ1N390,nVent,Constant Wattage,MI,HAQ1N390,300,"Zone1, Zone2",II 2GD Ex e II ,T6 to T1 Ex tD,0,0.0005,386.1,550,550,-60,700,700,0,390,1.2
203,nVent^MI^HAQ1N240,nVent,Constant Wattage,MI,HAQ1N240,300,"Zone1, Zone2",II 2GD Ex e II ,T6 to T1 Ex tD,0,0.0005,237.6,550,550,-60,700,700,0,240,1.2
204,nVent^MI^HAQ1N190,nVent,Constant Wattage,MI,HAQ1N190,300,"Zone1, Zone2",II 2GD Ex e II ,T6 to T1 Ex tD,0,0.0005,188.1,550,550,-60,700,700,0,190,1.2
205,nVent^MI^HAP1N155,nVent,Constant Wattage,MI,HAP1N155,300,"Zone1, Zone2",II 2GD Ex e II ,T6 to T1 Ex tD,0,0.0013,150.97,550,550,-60,700,700,0,155,1.2
206,nVent^MI^HAP1N120,nVent,Constant Wattage,MI,HAP1N120,300,"Zone1, Zone2",II 2GD Ex e II ,T6 to T1 Ex tD,0,0.0013,116.88,550,550,-60,700,700,0,120,1.2
207,nVent^MI^HAP1N95,nVent,Constant Wattage,MI,HAP1N95,300,"Zone1, Zone2",II 2GD Ex e II ,T6 to T1 Ex tD,0,0.0013,92.53,550,550,-60,700,700,0,95,1.2
208,nVent^MI^HAP1N76,nVent,Constant Wattage,MI,HAP1N76,300,"Zone1, Zone2",II 2GD Ex e II ,T6 to T1 Ex tD,0,0.0013,74.024,550,550,-60,700,700,0,76,1.2
209,nVent^MI^HAP1N60,nVent,Constant Wattage,MI,HAP1N60,300,"Zone1, Zone2",II 2GD Ex e II ,T6 to T1 Ex tD,0,0.0013,58.44,550,550,-60,700,700,0,60,1.2
210,nVent^MI^HAP1N48,nVent,Constant Wattage,MI,HAP1N48,300,"Zone1, Zone2",II 2GD Ex e II ,T6 to T1 Ex tD,0,0.0013,46.752,550,550,-60,700,700,0,48,1.2
211,nVent^MI^HAP1N37,nVent,Constant Wattage,MI,HAP1N37,300,"Zone1, Zone2",II 2GD Ex e II ,T6 to T1 Ex tD,0,0.0013,36.038,550,550,-60,700,700,0,37,1.2
212,nVent^MI^HAC1N21.3,nVent,Constant Wattage,MI,HAC1N21.3,300,"Zone1, Zone2",II 2GD Ex e II ,T6 to T1 Ex tD,0,0.0039,19.6386,550,550,-60,700,700,0,21.3,1.2
213,nVent^MI^HAC1N13.5,nVent,Constant Wattage,MI,HAC1N13.5,300,"Zone1, Zone2",II 2GD Ex e II ,T6 to T1 Ex tD,0,0.0039,12.447,550,550,-60,700,700,0,13.5,1.2
214,nVent^MI^HAC1N8.5,nVent,Constant Wattage,MI,HAC1N8.5,300,"Zone1, Zone2",II 2GD Ex e II ,T6 to T1 Ex tD,0,0.0039,7.837,550,550,-60,700,700,0,8.5,1.2
215,nVent^MI^HAC1N5.3,nVent,Constant Wattage,MI,HAC1N5.3,300,"Zone1, Zone2",II 2GD Ex e II ,T6 to T1 Ex tD,0,0.0039,4.8866,550,550,-60,700,700,0,5.3,1.2
216,nVent^MI^HAC1N3.3,nVent,Constant Wattage,MI,HAC1N3.3,300,"Zone1, Zone2",II 2GD Ex e II ,T6 to T1 Ex tD,0,0.0039,3.0426,550,550,-60,700,700,0,3.3,1.2
217,nVent^MI^HAC1N2,nVent,Constant Wattage,MI,HAC1N2,300,"Zone1, Zone2",II 2GD Ex e II ,T6 to T1 Ex tD,0,0.0039,1.844,550,550,-60,700,700,0,2,1.2
518,Krus-Zapad^MI^CK-MI-1M.I/400,Krus-Zapad,MI,MI,CK-MI-1M.I/400,300,"Zone1, Zone2",1Ex e IIC,1Ex II T6 ... T2 Gb X,0,0.00009,399.28,600,600,-50,850,850,0,400,1.2
519,Krus-Zapad^MI^CK-MI-1M.I/250,Krus-Zapad,MI,MI,CK-MI-1M.I/250,300,"Zone1, Zone2",1Ex e IIC,1Ex II T6 ... T2 Gb X,0,0.00004,249.8,600,600,-50,850,850,0,250,1.2
520,Krus-Zapad^MI^CK-MI-1M.I/160,Krus-Zapad,MI,MI,CK-MI-1M.I/160,300,"Zone1, Zone2",1Ex e IIC,1Ex II T6 ... T2 Gb X,0,0.00004,159.872,600,600,-50,850,850,0,160,1.2
521,Krus-Zapad^2M^CK-MI-2M.15,Krus-Zapad,MI,2M,CK-MI-2M.15,300,"Zone1, Zone2",1Ex e IIC,1Ex II T6 ... T2 Gb X,0,0.0005,14.85,340,340,-50,425,425,0,15,1.2
522,Krus-Zapad^2M^CK-MI-2M.30,Krus-Zapad,MI,2M,CK-MI-2M.30,300,"Zone1, Zone2",1Ex e IIC,1Ex II T6 ... T2 Gb X,0,0.0005,29.7,340,340,-50,425,425,0,30,1.2
523,Krus-Zapad^2M^CK-MI-2M.50,Krus-Zapad,MI,2M,CK-MI-2M.50,300,"Zone1, Zone2",1Ex e IIC,1Ex II T6 ... T2 Gb X,0,0.0005,49.5,340,340,-50,425,425,0,50,1.2
524,Krus-Zapad^2M^CK-MI-2M.70,Krus-Zapad,MI,2M,CK-MI-2M.70,300,"Zone1, Zone2",1Ex e IIC,1Ex II T6 ... T2 Gb X,0,0.0005,69.3,340,340,-50,425,425,0,70,1.2
525,Krus-Zapad^2M^CK-MI-2M.100,Krus-Zapad,MI,2M,CK-MI-2M.100,300,"Zone1, Zone2",1Ex e IIC,1Ex II T6 ... T2 Gb X,0,0.0005,99,340,340,-50,425,425,0,100,1.2
526,Krus-Zapad^2M^CK-MI-2M.150,Krus-Zapad,MI,2M,CK-MI-2M.150,300,"Zone1, Zone2",1Ex e IIC,1Ex II T6 ... T2 Gb X,0,0.0005,148.5,340,340,-50,425,425,0,150,1.2
149,nVent^MI^HAF2M36K,nVent,Constant Wattage,MI,HAF2M36K,300,"Zone1, Zone2",II 2GD Ex e II ,T6 to T1 Ex tD,0,0.00009,35935.2,550,550,-60,700,700,0,36000,1.2
150,nVent^MI^HAF2M29.5K,nVent,Constant Wattage,MI,HAF2M29.5K,300,"Zone1, Zone2",II 2GD Ex e II ,T6 to T1 Ex tD,0,0.00009,29446.9,550,550,-60,700,700,0,29500,1.2
151,nVent^MI^HAF2M24.5K,nVent,Constant Wattage,MI,HAF2M24.5K,300,"Zone1, Zone2",II 2GD Ex e II ,T6 to T1 Ex tD,0,0.00009,24455.9,550,550,-60,700,700,0,24500,1.2
152,nVent^MI^HAA2M19.7K,nVent,Constant Wattage,MI,HAA2M19.7K,300,"Zone1, Zone2",II 2GD Ex e II ,T6 to T1 Ex tD,0,0.00009,19664.54,550,550,-60,700,700,0,19700,1.2
153,nVent^MI^HAA2M13.2K,nVent,Constant Wattage,MI,HAA2M13.2K,300,"Zone1, Zone2",II 2GD Ex e II ,T6 to T1 Ex tD,0,0.00009,13176.24,550,550,-60,700,700,0,13200,1.2
154,nVent^MI^HAA2M9000,nVent,Constant Wattage,MI,HAA2M9000,300,"Zone1, Zone2",II 2GD Ex e II ,T6 to T1 Ex tD,0,0.00009,8983.8,550,550,-60,700,700,0,9000,1.2
155,nVent^MI^HAA2M6600,nVent,Constant Wattage,MI,HAA2M6600,300,"Zone1, Zone2",II 2GD Ex e II ,T6 to T1 Ex tD,0,0.00009,6588.12,550,550,-60,700,700,0,6600,1.2
156,nVent^MI^HAA2M5600,nVent,Constant Wattage,MI,HAA2M5600,300,"Zone1, Zone2",II 2GD Ex e II ,T6 to T1 Ex tD,0,0.00009,5589.92,550,550,-60,700,700,0,5600,1.2
157,nVent^MI^HAB2M3750,nVent,Constant Wattage,MI,HAB2M3750,300,"Zone1, Zone2",II 2GD Ex e II ,T6 to T1 Ex tD,0,0.00004,3747,550,550,-60,700,700,0,3750,1.2
158,nVent^MI^HAB2M2300,nVent,Constant Wattage,MI,HAB2M2300,300,"Zone1, Zone2",II 2GD Ex e II ,T6 to T1 Ex tD,0,0.00004,2298.16,550,550,-60,700,700,0,2300,1.2
159,nVent^MI^HAQ2M1560,nVent,Constant Wattage,MI,HAQ2M1560,300,"Zone1, Zone2",II 2GD Ex e II ,T6 to T1 Ex tD,0,0.0005,1544.4,550,550,-60,700,700,0,1560,1.2
160,nVent^MI^HAQ2M1240,nVent,Constant Wattage,MI,HAQ2M1240,300,"Zone1, Zone2",II 2GD Ex e II ,T6 to T1 Ex tD,0,0.0005,1227.6,550,550,-60,700,700,0,1240,1.2
161,nVent^MI^HAQ2M965,nVent,Constant Wattage,MI,HAQ2M965,300,"Zone1, Zone2",II 2GD Ex e II ,T6 to T1 Ex tD,0,0.0005,955.35,550,550,-60,700,700,0,965,1.2
162,nVent^MI^HAQ2M660,nVent,Constant Wattage,MI,HAQ2M660,300,"Zone1, Zone2",II 2GD Ex e II ,T6 to T1 Ex tD,0,0.0005,653.4,550,550,-60,700,700,0,660,1.2
163,nVent^MI^HAQ2M495,nVent,Constant Wattage,MI,HAQ2M495,300,"Zone1, Zone2",II 2GD Ex e II ,T6 to T1 Ex tD,0,0.0005,490.05,550,550,-60,700,700,0,495,1.2
164,nVent^MI^HAQ2M330,nVent,Constant Wattage,MI,HAQ2M330,300,"Zone1, Zone2",II 2GD Ex e II ,T6 to T1 Ex tD,0,0.0005,326.7,550,550,-60,700,700,0,330,1.2
165,nVent^MI^HAP2M240,nVent,Constant Wattage,MI,HAP2M240,300,"Zone1, Zone2",II 2GD Ex e II ,T6 to T1 Ex tD,0,0.0013,233.76,550,550,-60,700,700,0,240,1.2
166,nVent^MI^HAP2M190,nVent,Constant Wattage,MI,HAP2M190,300,"Zone1, Zone2",II 2GD Ex e II ,T6 to T1 Ex tD,0,0.0013,185.06,550,550,-60,700,700,0,190,1.2
167,nVent^MI^HAP2M150,nVent,Constant Wattage,MI,HAP2M150,300,"Zone1, Zone2",II 2GD Ex e II ,T6 to T1 Ex tD,0,0.0013,146.1,550,550,-60,700,700,0,150,1.2
168,nVent^MI^HAC2M105,nVent,Constant Wattage,MI,HAC2M105,300,"Zone1, Zone2",II 2GD Ex e II ,T6 to T1 Ex tD,0,0.0039,96.81,550,550,-60,700,700,0,105,1.2
169,nVent^MI^HAF2N36K,nVent,Constant Wattage,MI,HAF2N36K,300,"Zone1, Zone2",II 2GD Ex e II ,T6 to T1 Ex tD,0,0.00009,35935.2,550,550,-60,700,700,0,36000,1.2
170,nVent^MI^HAF2N29.5K,nVent,Constant Wattage,MI,HAF2N29.5K,300,"Zone1, Zone2",II 2GD Ex e II ,T6 to T1 Ex tD,0,0.00009,29446.9,550,550,-60,700,700,0,29500,1.2
171,nVent^MI^HAF2N19.7K,nVent,Constant Wattage,MI,HAF2N19.7K,300,"Zone1, Zone2",II 2GD Ex e II ,T6 to T1 Ex tD,0,0.00009,19664.54,550,550,-60,700,700,0,19700,1.2
172,nVent^MI^HAA2N13.6K,nVent,Constant Wattage,MI,HAA2N13.6K,300,"Zone1, Zone2",II 2GD Ex e II ,T6 to T1 Ex tD,0,0.00009,13575.52,550,550,-60,700,700,0,13600,1.2
173,nVent^MI^HAF2N6600,nVent,Constant Wattage,MI,HAF2N6600,300,"Zone1, Zone2",II 2GD Ex e II ,T6 to T1 Ex tD,0,0.00009,6588.12,550,550,-60,700,700,0,6600,1.2
174,nVent^MI^HAT2N3750,nVent,Constant Wattage,MI,HAT2N3750,300,"Zone1, Zone2",II 2GD Ex e II ,T6 to T1 Ex tD,0,0.00004,3747,550,550,-60,700,700,0,3750,1.2
175,nVent^MI^HAB2N2300,nVent,Constant Wattage,MI,HAB2N2300,300,"Zone1, Zone2",II 2GD Ex e II ,T6 to T1 Ex tD,0,0.0005,2277,550,550,-60,700,700,0,2300,1.2
176,nVent^MI^HAQ2N1670,nVent,Constant Wattage,MI,HAQ2N1670,300,"Zone1, Zone2",II 2GD Ex e II ,T6 to T1 Ex tD,0,0.0005,1653.3,550,550,-60,700,700,0,1670,1.2
177,nVent^MI^HAQ2N940,nVent,Constant Wattage,MI,HAQ2N940,300,"Zone1, Zone2",II 2GD Ex e II ,T6 to T1 Ex tD,0,0.0005,930.6,550,550,-60,700,700,0,940,1.2
178,nVent^MI^HAQ2N660,nVent,Constant Wattage,MI,HAQ2N660,300,"Zone1, Zone2",II 2GD Ex e II ,T6 to T1 Ex tD,0,0.0005,653.4,550,550,-60,700,700,0,660,1.2
179,nVent^MI^HAQ2N495,nVent,Constant Wattage,MI,HAQ2N495,300,"Zone1, Zone2",II 2GD Ex e II ,T6 to T1 Ex tD,0,0.0005,490.05,550,550,-60,700,700,0,495,1.2
180,nVent^MI^HAQ2N330,nVent,Constant Wattage,MI,HAQ2N330,300,"Zone1, Zone2",II 2GD Ex e II ,T6 to T1 Ex tD,0,0.0013,321.42,550,550,-60,700,700,0,330,1.2
181,nVent^MI^HAP2N255,nVent,Constant Wattage,MI,HAP2N255,300,"Zone1, Zone2",II 2GD Ex e II ,T6 to T1 Ex tD,0,0.0013,248.37,550,550,-60,700,700,0,255,1.2
182,nVent^MI^HAP2N185,nVent,Constant Wattage,MI,HAP2N185,300,"Zone1, Zone2",II 2GD Ex e II ,T6 to T1 Ex tD,0,0.0013,180.19,550,550,-60,700,700,0,185,1.2
183,nVent^MI^HAP2N130,nVent,Constant Wattage,MI,HAP2N130,300,"Zone1, Zone2",II 2GD Ex e II ,T6 to T1 Ex tD,0,0.0013,126.62,550,550,-60,700,700,0,130,1.2
184,nVent^MI^HAP2N92,nVent,Constant Wattage,MI,HAP2N92,300,"Zone1, Zone2",II 2GD Ex e II ,T6 to T1 Ex tD,0,0.0039,84.824,550,550,-60,700,700,0,92,1.2
185,nVent^MI^HAC2N66,nVent,Constant Wattage,MI,HAC2N66,300,"Zone1, Zone2",II 2GD Ex e II ,T6 to T1 Ex tD,0,0.0039,60.852,550,550,-60,700,700,0,66,1.2
186,nVent^MI^HAC2N43,nVent,Constant Wattage,MI,HAC2N43,300,"Zone1, Zone2",II 2GD Ex e II ,T6 to T1 Ex tD,0,0.0039,39.646,550,550,-60,700,700,0,43,1.2
187,nVent^MI^HAC2N27,nVent,Constant Wattage,MI,HAC2N27,300,"Zone1, Zone2",II 2GD Ex e II ,T6 to T1 Ex tD,0,0.0039,24.894,550,550,-60,700,700,0,27,1.2
188,nVent^MI^HAC2N17,nVent,Constant Wattage,MI,HAC2N17,300,"Zone1, Zone2",II 2GD Ex e II ,T6 to T1 Ex tD,0,0.0039,15.674,550,550,-60,700,700,0,17,1.2
189,nVent^MI^HAC2N10.5,nVent,Constant Wattage,MI,HAC2N10.5,300,"Zone1, Zone2",II 2GD Ex e II ,T6 to T1 Ex tD,0,0.0039,9.4044,550,550,-60,700,700,0,10.2,1.2
458,Krus-Zapad^MA^CK-MI-1M.A/560,Krus-Zapad,MI,MA,CK-MI-1M.A/560,300,"Zone1, Zone2",1Ex e IIC,1Ex II T6 ... T2 Gb X,0,0.0013,545.44,250,250,-50,700,700,0,560,1.2
459,Krus-Zapad^MA^CK-MI-1M.A/490,Krus-Zapad,MI,MA,CK-MI-1M.A/490,300,"Zone1, Zone2",1Ex e IIC,1Ex II T6 ... T2 Gb X,0,0.0039,451.78,250,250,-50,700,700,0,490,1.2
460,Krus-Zapad^MA^CK-MI-1M.A/400,Krus-Zapad,MI,MA,CK-MI-1M.A/400,300,"Zone1, Zone2",1Ex e IIC,1Ex II T6 ... T2 Gb X,0,0.003406667,372.7466667,250,250,-50,700,700,0,400,1.2
461,Krus-Zapad^MA^CK-MI-1M.A/330,Krus-Zapad,MI,MA,CK-MI-1M.A/330,300,"Zone1, Zone2",1Ex e IIC,1Ex II T6 ... T2 Gb X,0,0.003960952,303.8577143,250,250,-50,700,700,0,330,1.2
462,Krus-Zapad^MA^CK-MI-1M.A/260,Krus-Zapad,MI,MA,CK-MI-1M.A/260,300,"Zone1, Zone2",1Ex e IIC,1Ex II T6 ... T2 Gb X,0,0.004515238,236.5207619,250,250,-50,700,700,0,260,1.2
463,Krus-Zapad^MA^CK-MI-1M.A/250,Krus-Zapad,MI,MA,CK-MI-1M.A/250,300,"Zone1, Zone2",1Ex e IIC,1Ex II T6 ... T2 Gb X,0,0.005069524,224.652381,250,250,-50,700,700,0,250,1.2
464,Krus-Zapad^MA^CK-MI-1M.A/230,Krus-Zapad,MI,MA,CK-MI-1M.A/230,300,"Zone1, Zone2",1Ex e IIC,1Ex II T6 ... T2 Gb X,0,0.00562381,204.1304762,250,250,-50,700,700,0,230,1.2
465,Krus-Zapad^MA^CK-MI-1M.A/200,Krus-Zapad,MI,MA,CK-MI-1M.A/200,300,"Zone1, Zone2",1Ex e IIC,1Ex II T6 ... T2 Gb X,0,0.006178095,175.287619,250,250,-50,700,700,0,200,1.2
466,Krus-Zapad^MA^CK-MI-1M.A/160,Krus-Zapad,MI,MA,CK-MI-1M.A/160,300,"Zone1, Zone2",1Ex e IIC,1Ex II T6 ... T2 Gb X,0,0.006732381,138.456381,250,250,-50,700,700,0,160,1.2
467,Krus-Zapad^MA^CK-MI-1M.A/130,Krus-Zapad,MI,MA,CK-MI-1M.A/130,300,"Zone1, Zone2",1Ex e IIC,1Ex II T6 ... T2 Gb X,0,0.007286667,111.0546667,250,250,-50,700,700,0,130,1.2
468,Krus-Zapad^MA^CK-MI-1M.A/98,Krus-Zapad,MI,MA,CK-MI-1M.A/98,300,"Zone1, Zone2",1Ex e IIC,1Ex II T6 ... T2 Gb X,0,0.007840952,82.63173333,250,250,-50,700,700,0,98,1.2
469,Krus-Zapad^MA^CK-MI-1M.A/66,Krus-Zapad,MI,MA,CK-MI-1M.A/66,300,"Zone1, Zone2",1Ex e IIC,1Ex II T6 ... T2 Gb X,0,0.008395238,54.91828571,250,250,-50,700,700,0,66,1.2
470,Krus-Zapad^MA^CK-MI-1M.A/63,Krus-Zapad,MI,MA,CK-MI-1M.A/63,300,"Zone1, Zone2",1Ex e IIC,1Ex II T6 ... T2 Gb X,0,0.008949524,51.7236,250,250,-50,700,700,0,63,1.2
471,Krus-Zapad^MA^CK-MI-1M.A/33,Krus-Zapad,MI,MA,CK-MI-1M.A/33,300,"Zone1, Zone2",1Ex e IIC,1Ex II T6 ... T2 Gb X,0,0.00950381,26.72748571,250,250,-50,700,700,0,33,1.2
472,Krus-Zapad^MA^CK-MI-1M.A/25,Krus-Zapad,MI,MA,CK-MI-1M.A/25,300,"Zone1, Zone2",1Ex e IIC,1Ex II T6 ... T2 Gb X,0,0.010058095,19.97095238,250,250,-50,700,700,0,25,1.2
473,Krus-Zapad^MA^CK-MI-1M.A/21,Krus-Zapad,MI,MA,CK-MI-1M.A/21,300,"Zone1, Zone2",1Ex e IIC,1Ex II T6 ... T2 Gb X,0,0.010612381,16.5428,250,250,-50,700,700,0,21,1.2
474,Krus-Zapad^MA^CK-MI-1M.A/17,Krus-Zapad,MI,MA,CK-MI-1M.A/17,300,"Zone1, Zone2",1Ex e IIC,1Ex II T6 ... T2 Gb X,0,0.011166667,13.20333333,250,250,-50,700,700,0,17,1.2
475,Krus-Zapad^MA^CK-MI-1M.A/13,Krus-Zapad,MI,MA,CK-MI-1M.A/13,300,"Zone1, Zone2",1Ex e IIC,1Ex II T6 ... T2 Gb X,0,0.011720952,9.952552381,250,250,-50,700,700,0,13,1.2
476,Krus-Zapad^MA^CK-MI-1M.A/11,Krus-Zapad,MI,MA,CK-MI-1M.A/11,300,"Zone1, Zone2",1Ex e IIC,1Ex II T6 ... T2 Gb X,0,0.012275238,8.299447619,250,250,-50,700,700,0,11,1.2
477,Krus-Zapad^MA^CK-MI-1M.A/8,Krus-Zapad,MI,MA,CK-MI-1M.A/8,300,"Zone1, Zone2",1Ex e IIC,1Ex II T6 ... T2 Gb X,0,0.012829524,5.94727619,250,250,-50,700,700,0,8,1.2
478,Krus-Zapad^MA^CK-MI-1M.A/7,Krus-Zapad,MI,MA,CK-MI-1M.A/7,300,"Zone1, Zone2",1Ex e IIC,1Ex II T6 ... T2 Gb X,0,0.01338381,5.126266667,250,250,-50,700,700,0,7,1.2
479,Krus-Zapad^MA^CK-MI-1M.A/5,Krus-Zapad,MI,MA,CK-MI-1M.A/5,300,"Zone1, Zone2",1Ex e IIC,1Ex II T6 ... T2 Gb X,0,0.013938095,3.606190476,250,250,-50,700,700,0,5,1.2
480,Krus-Zapad^MN^CK-MI-1M.N/1600,Krus-Zapad,MI,MN,CK-MI-1M.N/1600,300,"Zone1, Zone2",1Ex e IIC,1Ex II T6 ... T2 Gb X,0,0.00009,1597.12,250,250,-50,400,400,0,1600,1.2
481,Krus-Zapad^MN^CK-MI-1M.N/1000,Krus-Zapad,MI,MN,CK-MI-1M.N/1000,300,"Zone1, Zone2",1Ex e IIC,1Ex II T6 ... T2 Gb X,0,0.00009,998.2,250,250,-50,400,400,0,1000,1.2
482,Krus-Zapad^MN^CK-MI-1M.N/630,Krus-Zapad,MI,MN,CK-MI-1M.N/630,300,"Zone1, Zone2",1Ex e IIC,1Ex II T6 ... T2 Gb X,0,0.00009,628.866,250,250,-50,400,400,0,630,1.2
483,Krus-Zapad^MN^CK-MI-1M.N/400,Krus-Zapad,MI,MN,CK-MI-1M.N/400,300,"Zone1, Zone2",1Ex e IIC,1Ex II T6 ... T2 Gb X,0,0.00009,399.28,250,250,-50,400,400,0,400,1.2
484,Krus-Zapad^MN^CK-MI-1M.N/250,Krus-Zapad,MI,MN,CK-MI-1M.N/250,300,"Zone1, Zone2",1Ex e IIC,1Ex II T6 ... T2 Gb X,0,0.00009,249.55,250,250,-50,400,400,0,250,1.2
485,Krus-Zapad^MN^CK-MI-1M.N/160,Krus-Zapad,MI,MN,CK-MI-1M.N/160,300,"Zone1, Zone2",1Ex e IIC,1Ex II T6 ... T2 Gb X,0,0.00009,159.712,250,250,-50,400,400,0,160,1.2
486,Krus-Zapad^MN^CK-MI-1M.N/63,Krus-Zapad,MI,MN,CK-MI-1M.N/63,300,"Zone1, Zone2",1Ex e IIC,1Ex II T6 ... T2 Gb X,0,0.00009,62.8866,250,250,-50,400,400,0,63,1.2
487,Krus-Zapad^MN^CK-MI-1M.N/40,Krus-Zapad,MI,MN,CK-MI-1M.N/40,300,"Zone1, Zone2",1Ex e IIC,1Ex II T6 ... T2 Gb X,0,0.00009,39.928,250,250,-50,400,400,0,40,1.2
488,Krus-Zapad^MN^CK-MI-1M.N/25,Krus-Zapad,MI,MN,CK-MI-1M.N/25,300,"Zone1, Zone2",1Ex e IIC,1Ex II T6 ... T2 Gb X,0,0.00004,24.98,250,250,-50,400,400,0,25,1.2
489,Krus-Zapad^MN^CK-MI-1M.N/17,Krus-Zapad,MI,MN,CK-MI-1M.N/17,300,"Zone1, Zone2",1Ex e IIC,1Ex II T6 ... T2 Gb X,0,0.00004,16.9864,250,250,-50,400,400,0,17,1.2
490,Krus-Zapad^MN^CK-MI-1M.N/11,Krus-Zapad,MI,MN,CK-MI-1M.N/11,300,"Zone1, Zone2",1Ex e IIC,1Ex II T6 ... T2 Gb X,0,0.0005,10.89,250,250,-50,400,400,0,11,1.2
491,Krus-Zapad^MN^CK-MI-1M.N/7,Krus-Zapad,MI,MN,CK-MI-1M.N/7,300,"Zone1, Zone2",1Ex e IIC,1Ex II T6 ... T2 Gb X,0,0.0005,6.93,250,250,-50,400,400,0,7,1.2
492,Krus-Zapad^MN^CK-MI-1M.N/4,Krus-Zapad,MI,MN,CK-MI-1M.N/4,300,"Zone1, Zone2",1Ex e IIC,1Ex II T6 ... T2 Gb X,0,0.0005,3.96,250,250,-50,400,400,0,4,1.2
493,Krus-Zapad^MS^CK-MI-1M.S/10000,Krus-Zapad,MI,MS,CK-MI-1M.S/10000,300,"Zone1, Zone2",1Ex e IIC,1Ex II T6 ... T2 Gb X,0,0.00009,9982,450,450,-50,700,700,0,10000,1.2
494,Krus-Zapad^MS^CK-MI-1M.S/6300,Krus-Zapad,MI,MS,CK-MI-1M.S/6300,300,"Zone1, Zone2",1Ex e IIC,1Ex II T6 ... T2 Gb X,0,0.00009,6288.66,450,450,-50,700,700,0,6300,1.2
495,Krus-Zapad^MS^CK-MI-1M.S/4000,Krus-Zapad,MI,MS,CK-MI-1M.S/4000,300,"Zone1, Zone2",1Ex e IIC,1Ex II T6 ... T2 Gb X,0,0.00009,3992.8,450,450,-50,700,700,0,4000,1.2
496,Krus-Zapad^MS^CK-MI-1M.S/2500,Krus-Zapad,MI,MS,CK-MI-1M.S/2500,300,"Zone1, Zone2",1Ex e IIC,1Ex II T6 ... T2 Gb X,0,0.00009,2495.5,450,450,-50,700,700,0,2500,1.2
337,Krus-Zapad^CK-FS.250^CK-FS.250/9,Krus-Zapad,Self Regulating,CK-FS.250,CK-FS.250/9,230,"Zone1, Zone2",1Ex e IIC,1Ex II T6 ... T2 Gb X,0,-0.039130435,9.391304348,150,150,-50,250,250,9,0,0
338,Krus-Zapad^CK-FS.250^CK-FS.250/15,Krus-Zapad,Self Regulating,CK-FS.250,CK-FS.250/15,230,"Zone1, Zone2",1Ex e IIC,1Ex II T6 ... T2 Gb X,0,-0.065217391,15.65217391,150,150,-50,250,250,15,0,0
339,Krus-Zapad^CK-FS.250^CK-FS.250/19,Krus-Zapad,Self Regulating,CK-FS.250,CK-FS.250/19,230,"Zone1, Zone2",1Ex e IIC,1Ex II T6 ... T2 Gb X,0,-0.082608696,19.82608696,150,150,-50,250,250,19,0,0
340,Krus-Zapad^CK-FS.250^CK-FS.250/29,Krus-Zapad,Self Regulating,CK-FS.250,CK-FS.250/29,230,"Zone1, Zone2",1Ex e IIC,1Ex II T6 ... T2 Gb X,0,-0.126086957,30.26086957,150,150,-50,250,250,29,0,0
341,Krus-Zapad^CK-FS.250^CK-FS.250/30,Krus-Zapad,Self Regulating,CK-FS.250,CK-FS.250/30,230,"Zone1, Zone2",1Ex e IIC,1Ex II T6 ... T2 Gb X,0,-0.130434783,31.30434783,150,150,-50,250,250,30,0,0
342,Krus-Zapad^CK-FS.250^CK-FS.250/38,Krus-Zapad,Self Regulating,CK-FS.250,CK-FS.250/38,230,"Zone1, Zone2",1Ex e IIC,1Ex II T6 ... T2 Gb X,0,-0.165217391,39.65217391,150,150,-50,250,250,38,0,0
343,Krus-Zapad^CK-FS.250^CK-FS.250/45,Krus-Zapad,Self Regulating,CK-FS.250,CK-FS.250/45,230,"Zone1, Zone2",1Ex e IIC,1Ex II T6 ... T2 Gb X,0,-0.195652174,46.95652174,150,150,-50,250,250,45,0,0
344,Krus-Zapad^CK-FS.250^CK-FS.250/48,Krus-Zapad,Self Regulating,CK-FS.250,CK-FS.250/48,230,"Zone1, Zone2",1Ex e IIC,1Ex II T6 ... T2 Gb X,0,-0.208695652,50.08695652,150,150,-50,250,250,48,0,0
345,Krus-Zapad^CK-FS.250^CK-FS.250/60,Krus-Zapad,Self Regulating,CK-FS.250,CK-FS.250/60,230,"Zone1, Zone2",1Ex e IIC,1Ex II T6 ... T2 Gb X,0,-0.260869565,62.60869565,150,150,-50,250,250,60,0,0
346,Krus-Zapad^CK-FS.250^CK-FS.250/64,Krus-Zapad,Self Regulating,CK-FS.250,CK-FS.250/64,230,"Zone1, Zone2",1Ex e IIC,1Ex II T6 ... T2 Gb X,0,-0.27826087,66.7826087,150,150,-50,250,250,64,0,0
347,Krus-Zapad^CK-FS.250^CK-FS.250/75,Krus-Zapad,Self Regulating,CK-FS.250,CK-FS.250/75,230,"Zone1, Zone2",1Ex e IIC,1Ex II T6 ... T2 Gb X,0,-0.326086957,78.26086957,150,150,-50,250,250,75,0,0
348,Krus-Zapad^CK-FS.250^CK-FS.250/80,Krus-Zapad,Self Regulating,CK-FS.250,CK-FS.250/80,230,"Zone1, Zone2",1Ex e IIC,1Ex II T6 ... T2 Gb X,0,-0.347826087,83.47826087,150,150,-50,250,250,80,0,0
349,Krus-Zapad^CK-FS.250^CK-FS.250/90,Krus-Zapad,Self Regulating,CK-FS.250,CK-FS.250/90,230,"Zone1, Zone2",1Ex e IIC,1Ex II T6 ... T2 Gb X,0,-0.391304348,93.91304348,150,150,-50,250,250,90,0,0
350,Krus-Zapad^CK-FS.250^CK-FS.250/95,Krus-Zapad,Self Regulating,CK-FS.250,CK-FS.250/95,230,"Zone1, Zone2",1Ex e IIC,1Ex II T6 ... T2 Gb X,0,-0.413043478,99.13043478,150,150,-50,250,250,95,0,0
351,Krus-Zapad^CK-FS.250^CK-FS.250/100,Krus-Zapad,Self Regulating,CK-FS.250,CK-FS.250/100,230,"Zone1, Zone2",1Ex e IIC,1Ex II T6 ... T2 Gb X,0,-0.434782609,104.3478261,150,150,-50,250,250,100,0,0
352,Krus-Zapad^CK-FS.250^CK-FS.250/125,Krus-Zapad,Self Regulating,CK-FS.250,CK-FS.250/125,230,"Zone1, Zone2",1Ex e IIC,1Ex II T6 ... T2 Gb X,0,-0.543478261,130.4347826,150,150,-50,250,250,125,0,0
497,Krus-Zapad^MS^CK-MI-1M.S/1600,Krus-Zapad,MI,MS,CK-MI-1M.S/1600,300,"Zone1, Zone2",1Ex e IIC,1Ex II T6 ... T2 Gb X,0,0.00009,1597.12,450,450,-50,700,700,0,1600,1.2
498,Krus-Zapad^MS^CK-MI-1M.S/1000,Krus-Zapad,MI,MS,CK-MI-1M.S/1000,300,"Zone1, Zone2",1Ex e IIC,1Ex II T6 ... T2 Gb X,0,0.00009,998.2,450,450,-50,700,700,0,1000,1.2
499,Krus-Zapad^MS^CK-MI-1M.S/630,Krus-Zapad,MI,MS,CK-MI-1M.S/630,300,"Zone1, Zone2",1Ex e IIC,1Ex II T6 ... T2 Gb X,0,0.00009,628.866,450,450,-50,700,700,0,630,1.2
500,Krus-Zapad^MS^CK-MI-1M.S/400,Krus-Zapad,MI,MS,CK-MI-1M.S/400,300,"Zone1, Zone2",1Ex e IIC,1Ex II T6 ... T2 Gb X,0,0.00009,399.28,450,450,-50,700,700,0,400,1.2
501,Krus-Zapad^MS^CK-MI-1M.S/250,Krus-Zapad,MI,MS,CK-MI-1M.S/250,300,"Zone1, Zone2",1Ex e IIC,1Ex II T6 ... T2 Gb X,0,0.00004,249.8,450,450,-50,700,700,0,250,1.2
502,Krus-Zapad^MS^CK-MI-1M.S/160,Krus-Zapad,MI,MS,CK-MI-1M.S/160,300,"Zone1, Zone2",1Ex e IIC,1Ex II T6 ... T2 Gb X,0,0.00004,159.872,450,450,-50,700,700,0,160,1.2
503,Krus-Zapad^MS^CK-MI-1M.S/98,Krus-Zapad,MI,MS,CK-MI-1M.S/98,300,"Zone1, Zone2",1Ex e IIC,1Ex II T6 ... T2 Gb X,0,0.0005,97.02,450,450,-50,700,700,0,98,1.2
504,Krus-Zapad^MS^CK-MI-1M.S/63,Krus-Zapad,MI,MS,CK-MI-1M.S/63,300,"Zone1, Zone2",1Ex e IIC,1Ex II T6 ... T2 Gb X,0,0.0005,62.37,450,450,-50,700,700,0,63,1.2
505,Krus-Zapad^MS^CK-MI-1M.S/40,Krus-Zapad,MI,MS,CK-MI-1M.S/40,300,"Zone1, Zone2",1Ex e IIC,1Ex II T6 ... T2 Gb X,0,0.0005,39.6,450,450,-50,700,700,0,40,1.2
506,Krus-Zapad^MS^CK-MI-1M.S/25,Krus-Zapad,MI,MS,CK-MI-1M.S/25,300,"Zone1, Zone2",1Ex e IIC,1Ex II T6 ... T2 Gb X,0,0.0005,24.75,450,450,-50,700,700,0,25,1.2
507,Krus-Zapad^MS^CK-MI-1M.S/17,Krus-Zapad,MI,MS,CK-MI-1M.S/17,300,"Zone1, Zone2",1Ex e IIC,1Ex II T6 ... T2 Gb X,0,0.0005,16.83,450,450,-50,700,700,0,17,1.2
508,Krus-Zapad^MS^CK-MI-1M.S/11,Krus-Zapad,MI,MS,CK-MI-1M.S/11,300,"Zone1, Zone2",1Ex e IIC,1Ex II T6 ... T2 Gb X,0,0.0005,10.89,450,450,-50,700,700,0,11,1.2
509,Krus-Zapad^MS^CK-MI-1M.S/7,Krus-Zapad,MI,MS,CK-MI-1M.S/7,300,"Zone1, Zone2",1Ex e IIC,1Ex II T6 ... T2 Gb X,0,0.0013,6.818,450,450,-50,700,700,0,7,1.2
510,Krus-Zapad^MS^CK-MI-1M.S/4,Krus-Zapad,MI,MS,CK-MI-1M.S/4,300,"Zone1, Zone2",1Ex e IIC,1Ex II T6 ... T2 Gb X,0,0.0013,3.896,450,450,-50,700,700,0,4,1.2
511,Krus-Zapad^MI^CK-MI-1M.I/10000,Krus-Zapad,MI,MI,CK-MI-1M.I/10000,300,"Zone1, Zone2",1Ex e IIC,1Ex II T6 ... T2 Gb X,0,0.00009,9982,600,600,-50,850,850,0,10000,1.2
512,Krus-Zapad^MI^CK-MI-1M.I/6300,Krus-Zapad,MI,MI,CK-MI-1M.I/6300,300,"Zone1, Zone2",1Ex e IIC,1Ex II T6 ... T2 Gb X,0,0.00009,6288.66,600,600,-50,850,850,0,6300,1.2
513,Krus-Zapad^MI^CK-MI-1M.I/4000,Krus-Zapad,MI,MI,CK-MI-1M.I/4000,300,"Zone1, Zone2",1Ex e IIC,1Ex II T6 ... T2 Gb X,0,0.00009,3992.8,600,600,-50,850,850,0,4000,1.2
514,Krus-Zapad^MI^CK-MI-1M.I/2500,Krus-Zapad,MI,MI,CK-MI-1M.I/2500,300,"Zone1, Zone2",1Ex e IIC,1Ex II T6 ... T2 Gb X,0,0.00009,2495.5,600,600,-50,850,850,0,2500,1.2
515,Krus-Zapad^MI^CK-MI-1M.I/1600,Krus-Zapad,MI,MI,CK-MI-1M.I/1600,300,"Zone1, Zone2",1Ex e IIC,1Ex II T6 ... T2 Gb X,0,0.00009,1597.12,600,600,-50,850,850,0,1600,1.2
516,Krus-Zapad^MI^CK-MI-1M.I/1000,Krus-Zapad,MI,MI,CK-MI-1M.I/1000,300,"Zone1, Zone2",1Ex e IIC,1Ex II T6 ... T2 Gb X,0,0.00009,998.2,600,600,-50,850,850,0,1000,1.2
517,Krus-Zapad^MI^CK-MI-1M.I/630,Krus-Zapad,MI,MI,CK-MI-1M.I/630,300,"Zone1, Zone2",1Ex e IIC,1Ex II T6 ... T2 Gb X,0,0.00009,628.866,600,600,-50,850,850,0,630,1.2
